{
  "id": "1598500",
  "name": "blog",
  "font_family": "iconfont",
  "css_prefix_text": "icon-",
  "description": "",
  "glyphs": [
    {
      "icon_id": "703125",
      "name": "message",
      "font_class": "message",
      "unicode": "e953",
      "unicode_decimal": 59731
    },
    {
      "icon_id": "880490",
      "name": "people",
      "font_class": "people",
      "unicode": "e634",
      "unicode_decimal": 58932
    },
    {
      "icon_id": "924714",
      "name": "书签",
      "font_class": "shuqian",
      "unicode": "e61f",
      "unicode_decimal": 58911
    },
    {
      "icon_id": "1487402",
      "name": "top",
      "font_class": "top",
      "unicode": "e607",
      "unicode_decimal": 58887
    },
    {
      "icon_id": "4485667",
      "name": "搜索",
      "font_class": "sousuo",
      "unicode": "e600",
      "unicode_decimal": 58880
    },
    {
      "icon_id": "6145525",
      "name": "eye",
      "font_class": "eye",
      "unicode": "e637",
      "unicode_decimal": 58935
    },
    {
      "icon_id": "7605132",
      "name": "menu",
      "font_class": "menu",
      "unicode": "e62f",
      "unicode_decimal": 58927
    }
  ]
}
